primerpair_name,forward,reverse,phage,phagedb_url,Cluster,tm_f,tm_r,f_start_site,r_start_site,amplicon,amp_start_site,amp_stop_site,amp_length
Perseus_0,GTCAATTTGCCTCCGTACGT,CCCGCCTCTCACTAGAAGTG,Perseus,https://phagesdb.org/phages/Perseus/,A,60,60,47945,48075,GTGAACGTGCCATGAAACAGCCTGCGGTGTCACACCGTACATCCGGGCGATATCTGCCTCAGTCTCCCCCGTAGCTTTCAGGGCCTCAAT,47965,48055,90
Perseus_1,GCGGTGTAGACCCACATCTT,ACCGACGACGAGGTTATGTC,Perseus,,,59.9,59.9,38172,38402,GTTTCCAGGCAGCGACGTCGGGGTGTGCTCGACCCACTTCGTCTTCTCCCGGTTCAGGCCCACCACTCGGTGGTTCGCTGTGATGGTCGCGTTGATCTCTCGGCCTCCGAGGGAGTACAGCGTGCCCGAGAACGGGAACCGGACAACCTCGTCGATCTGCTGCCAGATCGTGCGTCCTTGGTCGTCCACC,38192,38382,190
Blessica_0,ATGGTTGCCTACGGACTGTC,CGAACGACTTGAAGGCTTTC,Blessica,https://phagesdb.org/phages/Blessica/,O,,,,,,20,-20,-40
Blessica_1,GATGGTTGCCTACGGACTGT,GAACGACTTGAAGGCTTTCG,Blessica,,,,,,,,20,-20,-40
D29_0,CCACAGGTCAGAGGTGGTTT,GCCTTCAGCCTCAGTTTCAC,D29,https://phagesdb.org/phages/D29/,A,60.002,59.997,,, REVERSE NOT FOUND,20,-20,-40
D29_1,CGAAAACACATGTCCGACAC,CTCCGAAGACCTACGACGAG,D29,,,60.008,60.005,,,,20,-20,-40
,,,,,,,,,,,0,0,0
Lambda,CAAACTGCGCAACTCGTGAA,GACAGGCGAATCGCAATCAC,,,,,,,,,0,0,0
phage,GGACAATTCGCACGATTCCG,GCAGCGCATGTCTTCTTAGC,,,,,,,,,0,0,0
Escherichia phage phiX174,TTCTGTGCCGCGTTTCTTTG,CCACTGCAACAACTGAACGG,,,,,,,,,0,0,0
,,,,,,,,,,,,,
,,,,,,,,,,,0,0,0
,,,,,,,,,,,0,0,0
,,,,,,,,,,,0,0,0
,,,,,,,,,,,0,0,0
,,,,,,,,,,,0,0,0
,,,,,,,,,,,0,0,0
,,,,,,,,,,,0,0,0
,,,,,,,,,,,0,0,0
,,,,,,,,,,,0,0,0
,,,,,,,,,,,0,0,0
,,,,,,,,,,,0,0,0
,,,,,,,,,,,0,0,0
,,,,,,,,,,,0,0,0
,,,,,,,,,,,0,0,0
,,,,,,,,,,,0,0,0
,,,,,,,,,,,0,0,0